Strike Price,Vol,Open Interest,Open Interest,Open Interest
,,feb. 25,feb. 26,Chg
17500,"1,000","5,236","6,236","1,000"
24650,228,29,178,149
24100,464,134,249,115
24450,217,96,196,100
25000,591,127,206,79
24580,355,16,93,77
24800,479,131,206,75
22500,93,136,206,70
24700,262,189,250,61
24350,122,62,117,55
24600,312,107,154,47
24230,180,81,126,45
24375,64,52,97,45
24850,126,52,97,45
23890,161,6,50,44
24490,174,5,48,43
23870,55,20,62,42
24975,85,19,60,41
24960,189,11,49,38
22750,56,99,135,36
24720,125,8,43,35
24575,195,16,47,31
24500,406,384,414,30
23930,47,9,38,29
24475,45,12,40,28
